-- MySQL dump 10.13  Distrib 5.7.21, for osx10.12 (x86_64)
--
-- Host: localhost    Database: booking
-- ------------------------------------------------------
-- Server version	5.7.21

/*!40101 SET @OLD_CHARACTER_SET_CLIENT=@@CHARACTER_SET_CLIENT */;
/*!40101 SET @OLD_CHARACTER_SET_RESULTS=@@CHARACTER_SET_RESULTS */;
/*!40101 SET @OLD_COLLATION_CONNECTION=@@COLLATION_CONNECTION */;
/*!40101 SET NAMES utf8 */;
/*!40103 SET @OLD_TIME_ZONE=@@TIME_ZONE */;
/*!40103 SET TIME_ZONE='+00:00' */;
/*!40014 SET @OLD_UNIQUE_CHECKS=@@UNIQUE_CHECKS, UNIQUE_CHECKS=0 */;
/*!40014 SET @OLD_FOREIGN_KEY_CHECKS=@@FOREIGN_KEY_CHECKS, FOREIGN_KEY_CHECKS=0 */;
/*!40101 SET @OLD_SQL_MODE=@@SQL_MODE, SQL_MODE='NO_AUTO_VALUE_ON_ZERO' */;
/*!40111 SET @OLD_SQL_NOTES=@@SQL_NOTES, SQL_NOTES=0 */;

--
-- Table structure for table `hotels`
--

DROP TABLE IF EXISTS `hotels`;
/*!40101 SET @saved_cs_client     = @@character_set_client */;
/*!40101 SET character_set_client = utf8 */;
CREATE TABLE `hotels` (
  `id` bigint(20) NOT NULL AUTO_INCREMENT,
  `name` varchar(255) DEFAULT NULL,
  `address` varchar(300) DEFAULT NULL,
  `description` text,
  `accepts_animals` varchar(3) DEFAULT 'no',
  PRIMARY KEY (`id`)
) ENGINE=InnoDB AUTO_INCREMENT=4 DEFAULT CHARSET=utf8;
/*!40101 SET character_set_client = @saved_cs_client */;

--
-- Dumping data for table `hotels`
--

LOCK TABLES `hotels` WRITE;
/*!40000 ALTER TABLE `hotels` DISABLE KEYS */;
INSERT INTO `hotels` VALUES (1,'Hotel 1','Warszawa','Description of hotel 1','yes'),(3,'Hotel 3','adres hotelu3','nowy opis hotelu3','no');
/*!40000 ALTER TABLE `hotels` ENABLE KEYS */;
UNLOCK TABLES;

--
-- Table structure for table `reservations`
--

DROP TABLE IF EXISTS `reservations`;
/*!40101 SET @saved_cs_client     = @@character_set_client */;
/*!40101 SET character_set_client = utf8 */;
CREATE TABLE `reservations` (
  `id` bigint(20) unsigned NOT NULL AUTO_INCREMENT,
  `user_id` bigint(20) DEFAULT NULL,
  `room_id` int(11) DEFAULT NULL,
  `created` datetime DEFAULT NULL,
  `date_from` date DEFAULT NULL,
  `date_to` date DEFAULT NULL,
  `description` text,
  `status` varchar(10) DEFAULT NULL,
  PRIMARY KEY (`id`),
  KEY `user_id` (`user_id`),
  KEY `room_id` (`room_id`),
  CONSTRAINT `reservations_ibfk_1` FOREIGN KEY (`user_id`) REFERENCES `users` (`id`),
  CONSTRAINT `reservations_ibfk_2` FOREIGN KEY (`room_id`) REFERENCES `rooms` (`id`)
) ENGINE=InnoDB AUTO_INCREMENT=10 DEFAULT CHARSET=utf8;
/*!40101 SET character_set_client = @saved_cs_client */;

--
-- Dumping data for table `reservations`
--

LOCK TABLES `reservations` WRITE;
/*!40000 ALTER TABLE `reservations` DISABLE KEYS */;
INSERT INTO `reservations` VALUES (1,3,2,'2018-04-14 21:09:20',NULL,NULL,'reservation1','paid'),(2,5,2,'2018-04-14 21:10:22',NULL,NULL,'reservation2','paid'),(8,9,2,'2018-04-15 20:09:14','2018-05-01','2018-05-03','no','accepted');
/*!40000 ALTER TABLE `reservations` ENABLE KEYS */;
UNLOCK TABLES;

--
-- Table structure for table `rooms`
--

DROP TABLE IF EXISTS `rooms`;
/*!40101 SET @saved_cs_client     = @@character_set_client */;
/*!40101 SET character_set_client = utf8 */;
CREATE TABLE `rooms` (
  `id` int(11) NOT NULL AUTO_INCREMENT,
  `description` text,
  `capacity` tinyint(4) DEFAULT NULL,
  `price` decimal(10,2) DEFAULT NULL,
  `hotel_id` bigint(20) DEFAULT NULL,
  `inside_nr` int(11) DEFAULT NULL,
  PRIMARY KEY (`id`),
  KEY `hotel_id` (`hotel_id`),
  CONSTRAINT `rooms_ibfk_1` FOREIGN KEY (`hotel_id`) REFERENCES `hotels` (`id`)
) ENGINE=InnoDB AUTO_INCREMENT=9 DEFAULT CHARSET=utf8;
/*!40101 SET character_set_client = @saved_cs_client */;

--
-- Dumping data for table `rooms`
--

LOCK TABLES `rooms` WRITE;
/*!40000 ALTER TABLE `rooms` DISABLE KEYS */;
INSERT INTO `rooms` VALUES (2,'new description of room1',2,200.00,1,207),(4,'description of room2',3,250.00,1,205),(7,'super pokój',7,700.00,3,7),(8,'nice room',2,200.00,3,8);
/*!40000 ALTER TABLE `rooms` ENABLE KEYS */;
UNLOCK TABLES;

--
-- Table structure for table `user_group`
--

DROP TABLE IF EXISTS `user_group`;
/*!40101 SET @saved_cs_client     = @@character_set_client */;
/*!40101 SET character_set_client = utf8 */;
CREATE TABLE `user_group` (
  `id` int(11) NOT NULL AUTO_INCREMENT,
  `name` varchar(50) DEFAULT NULL,
  PRIMARY KEY (`id`)
) ENGINE=InnoDB AUTO_INCREMENT=7 DEFAULT CHARSET=utf8;
/*!40101 SET character_set_client = @saved_cs_client */;

--
-- Dumping data for table `user_group`
--

LOCK TABLES `user_group` WRITE;
/*!40000 ALTER TABLE `user_group` DISABLE KEYS */;
INSERT INTO `user_group` VALUES (1,'grupa pierwsza'),(3,'Group2');
/*!40000 ALTER TABLE `user_group` ENABLE KEYS */;
UNLOCK TABLES;

--
-- Table structure for table `users`
--

DROP TABLE IF EXISTS `users`;
/*!40101 SET @saved_cs_client     = @@character_set_client */;
/*!40101 SET character_set_client = utf8 */;
CREATE TABLE `users` (
  `id` bigint(20) NOT NULL AUTO_INCREMENT,
  `name` varchar(255) DEFAULT NULL,
  `password` varchar(255) DEFAULT NULL,
  `email` varchar(255) DEFAULT NULL,
  `user_group_id` int(11) DEFAULT NULL,
  PRIMARY KEY (`id`),
  UNIQUE KEY `email` (`email`),
  UNIQUE KEY `email_2` (`email`),
  UNIQUE KEY `email_3` (`email`),
  KEY `user_group_id` (`user_group_id`),
  CONSTRAINT `users_ibfk_1` FOREIGN KEY (`user_group_id`) REFERENCES `user_group` (`id`)
) ENGINE=InnoDB AUTO_INCREMENT=10 DEFAULT CHARSET=utf8;
/*!40101 SET character_set_client = @saved_cs_client */;

--
-- Dumping data for table `users`
--

LOCK TABLES `users` WRITE;
/*!40000 ALTER TABLE `users` DISABLE KEYS */;
INSERT INTO `users` VALUES (3,'Jan Kowalski','jkowalski123','jkowalski@gmail.com',3),(4,'Janina Nowak','12345','janka123@onet.pl',1),(5,'Janina Nowak','$2a$10$gYiph/rral8e6kH.M2RM2eai33xLwzIjHMALlMlMQJrRf7gWfji6y','JaninaNowak@gmail.com',1),(8,'Tomasz Jankowski','$2a$10$26NYTK60AWb6r27FPVUtieoZuBLvsxag507H7uiuxZy3dHv4Eaph.','JankTomasz@op.pl',1),(9,'Jas Madej','$2a$10$nV2vp42H9VEo1O6pSRxQZ.ojPD/9paS3iUkJTRMxnhb0gCHiiS/vm','jm@gmail.com',1);
/*!40000 ALTER TABLE `users` ENABLE KEYS */;
UNLOCK TABLES;
/*!40103 SET TIME_ZONE=@OLD_TIME_ZONE */;

/*!40101 SET SQL_MODE=@OLD_SQL_MODE */;
/*!40014 SET FOREIGN_KEY_CHECKS=@OLD_FOREIGN_KEY_CHECKS */;
/*!40014 SET UNIQUE_CHECKS=@OLD_UNIQUE_CHECKS */;
/*!40101 SET CHARACTER_SET_CLIENT=@OLD_CHARACTER_SET_CLIENT */;
/*!40101 SET CHARACTER_SET_RESULTS=@OLD_CHARACTER_SET_RESULTS */;
/*!40101 SET COLLATION_CONNECTION=@OLD_COLLATION_CONNECTION */;
/*!40111 SET SQL_NOTES=@OLD_SQL_NOTES */;

-- Dump completed on 2018-04-15 20:42:55
